{"cameraMode":{"drawMode":0,"name":"Shaded","section":"Shading Mode"},"sceneLighting":false,"audioPlay":false,"sceneViewState":{"m_AlwaysRefresh":false,"showFog":true,"showSkybox":true,"showFlares":true,"showImageEffects":true,"showParticleSystems":true,"showVisualEffectGraphs":true,"m_FxEnabled":true},"in2DMode":false,"pivot":{"x":2.1234984397888185,"y":5.294190406799316,"z":-5.128470420837402},"rotation":{"x":0.10473929345607758,"y":0.035794004797935489,"z":-0.0037722440902143718,"w":0.9938483238220215},"size":6.013386249542236,"orthographic":false}